,r2,mae,rmse
Random Forest,0.9904513254022538,4.940582400000012,7.284420878208518
Linear Regression,0.8517867722688462,22.197165146641623,28.69901335094728
Ridge Regression,0.8517818054458592,22.19869666335044,28.69949421803053
